{
    "type": "minecraft:command",
    "pools": [
      {
        "rolls": 1,
        "entries": [
          {
            "type": "minecraft:item",
            "name": "minecraft:stone",
            "functions": [
              {
                "function": "minecraft:set_nbt",
                "tag": "{shot:1,AMOGUS:1}"
              }
            ]
          },{
            "type": "minecraft:item",
            "name": "minecraft:stone",
            "functions": [
              {
                "function": "minecraft:set_nbt",
                "tag": "{sword:1,AMOGUS:1}"
              }
            ]
          },{
            "type": "minecraft:item",
            "name": "minecraft:stone",
            "functions": [
              {
                "function": "minecraft:set_nbt",
                "tag": "{creepereverybody:1,AMOGUS:1}"
              }
            ]
          },
          {
            "type": "minecraft:item",
            "name": "minecraft:stone",
            "functions": [
              {
                "function": "minecraft:set_nbt",
                "tag": "{kill:1,AMOGUS:1}"
              }
            ]
          },{
            "type": "minecraft:item",
            "name": "minecraft:stone",
            "functions": [
              {
                "function": "minecraft:set_nbt",
                "tag": "{ender:1,AMOGUS:1}"
              }
            ]
          },{
            "type": "minecraft:item",
            "name": "minecraft:stone",
            "functions": [
              {
                "function": "minecraft:set_nbt",
                "tag": "{everybodyop:1,AMOGUS:1}"
              }
            ]
          }
        ]
      }
    ]
  }
  