{"stats":{"minecraft:custom":{"minecraft:mob_kills":32,"minecraft:damage_dealt_resisted":9272,"minecraft:leave_game":1,"minecraft:time_since_death":505,"minecraft:climb_one_cm":6846,"minecraft:damage_resisted":4393,"minecraft:time_since_rest":505,"minecraft:sprint_one_cm":221542,"minecraft:damage_absorbed":360,"minecraft:damage_taken":16669,"minecraft:walk_one_cm":189853,"minecraft:damage_blocked_by_shield":5520,"minecraft:drop":69,"minecraft:damage_dealt":12709,"minecraft:damage_dealt_absorbed":790,"minecraft:talked_to_villager":2,"minecraft:fly_one_cm":1168256,"minecraft:open_chest":298,"minecraft:crouch_one_cm":12672,"minecraft:play_time":270487,"minecraft:sneak_time":8840,"minecraft:deaths":83,"minecraft:boat_one_cm":497,"minecraft:jump":1517,"minecraft:total_world_time":377354,"minecraft:fall_one_cm":62111},"minecraft:used":{"minecraft:netherite_sword":26,"minecraft:leather_leggings":3,"minecraft:dirt_path":104,"minecraft:flint_and_steel":2,"minecraft:wither_skeleton_skull":2,"minecraft:carved_pumpkin":1,"minecraft:dark_oak_sign":2,"minecraft:netherite_chestplate":3,"minecraft:ladder":53,"minecraft:oak_sign":7,"minecraft:chainmail_helmet":3,"minecraft:leather_chestplate":3,"minecraft:chest":16,"minecraft:shield":29,"minecraft:redstone_block":13,"minecraft:stone":18,"minecraft:iron_sword":55,"minecraft:spruce_sign":10,"minecraft:white_dye":2,"minecraft:leather_boots":3,"minecraft:player_head":2,"minecraft:white_candle":4,"minecraft:pink_concrete":113,"minecraft:iron_chestplate":12,"minecraft:debug_stick":8,"minecraft:torch":30,"minecraft:golden_apple":2,"minecraft:spyglass":3,"minecraft:dirt":177,"minecraft:vine":11,"minecraft:netherite_leggings":3,"minecraft:chainmail_chestplate":3,"minecraft:birch_sign":1,"minecraft:netherite_helmet":3,"minecraft:acacia_sapling":42,"minecraft:tuff":16,"minecraft:snowball":3,"minecraft:shroomlight":1,"minecraft:glass":7,"minecraft:frog_spawn_egg":1,"minecraft:ghast_spawn_egg":11,"minecraft:firework_rocket":2,"minecraft:villager_spawn_egg":98,"minecraft:command_block":46,"minecraft:iron_block":4,"minecraft:iron_axe":18,"minecraft:grass_block":26,"minecraft:stone_button":5,"minecraft:barrier":9,"minecraft:pig_spawn_egg":1,"minecraft:netherite_axe":50,"minecraft:leather_helmet":3,"minecraft:chicken_spawn_egg":8,"minecraft:iron_helmet":12,"minecraft:purpur_slab":17,"minecraft:spruce_trapdoor":3,"minecraft:iron_boots":12,"minecraft:totem_of_undying":2,"minecraft:bedrock":2,"minecraft:evoker_spawn_egg":1,"minecraft:netherite_boots":3,"minecraft:wooden_sword":3,"minecraft:glowstone":1,"minecraft:fishing_rod":233,"minecraft:repeater":42,"minecraft:cod_spawn_egg":5,"minecraft:potion":4,"minecraft:bow":5,"minecraft:chainmail_boots":3,"minecraft:black_candle":4,"minecraft:chain_command_block":44,"minecraft:glass_pane":13,"minecraft:repeating_command_block":35,"minecraft:skeleton_skull":4,"minecraft:enchanted_golden_apple":1,"minecraft:iron_leggings":12,"minecraft:bone_meal":147,"minecraft:chainmail_leggings":3,"minecraft:zoglin_spawn_egg":4},"minecraft:killed_by":{"minecraft:vindicator":32,"minecraft:warden":1,"minecraft:creeper":8},"minecraft:dropped":{"minecraft:repeating_command_block":10,"minecraft:glass_bottle":3,"minecraft:netherite_sword":3,"minecraft:netherite_axe":2,"minecraft:lead":2,"minecraft:villager_spawn_egg":64,"minecraft:command_block":129,"minecraft:red_stained_glass":1,"minecraft:oak_sign":2,"minecraft:ghast_spawn_egg":1,"minecraft:iron_block":64,"minecraft:poppy":2,"minecraft:dirt":1,"minecraft:shroomlight":1,"minecraft:gunpowder":5,"minecraft:repeater":1,"minecraft:chest":73,"minecraft:carved_pumpkin":64,"minecraft:iron_axe":1,"minecraft:chain_command_block":16},"minecraft:killed":{"minecraft:cat":3,"minecraft:evoker":1,"minecraft:pig":1,"minecraft:allay":1,"minecraft:vindicator":3,"minecraft:iron_golem":10,"minecraft:bat":5,"minecraft:villager":4},"minecraft:picked_up":{"minecraft:fishing_rod":8,"minecraft:netherite_boots":2,"minecraft:iron_chestplate":13,"minecraft:chainmail_boots":3,"minecraft:leather_chestplate":3,"minecraft:feather":9,"minecraft:chicken":7,"minecraft:leather_leggings":3,"minecraft:lead":17,"minecraft:potion":4,"minecraft:chainmail_chestplate":3,"minecraft:shield":18,"minecraft:gunpowder":14,"minecraft:netherite_leggings":2,"minecraft:iron_axe":3,"minecraft:dirt":1,"minecraft:string":5,"minecraft:ghast_spawn_egg":10,"minecraft:wooden_sword":3,"minecraft:leather_boots":3,"minecraft:iron_leggings":13,"minecraft:glass":2,"minecraft:apple":3,"minecraft:beetroot":192,"minecraft:netherite_sword":2,"minecraft:iron_ingot":215,"minecraft:oak_boat":3,"minecraft:netherite_axe":1,"minecraft:poppy":62,"minecraft:enchanted_golden_apple":3,"minecraft:chest":30,"minecraft:iron_sword":5,"minecraft:acacia_sapling":3,"minecraft:iron_boots":13,"minecraft:torch":1,"minecraft:red_stained_glass_pane":40,"minecraft:spyglass":2,"minecraft:dried_kelp":256,"minecraft:porkchop":1,"minecraft:villager_spawn_egg":64,"minecraft:stone_button":2,"minecraft:leather_helmet":3,"minecraft:stone_sword":8,"minecraft:rotten_flesh":72,"minecraft:netherite_helmet":2,"minecraft:chainmail_leggings":3,"minecraft:iron_helmet":13,"minecraft:chainmail_helmet":3,"minecraft:bread":128,"minecraft:golden_apple":64,"minecraft:emerald":1,"minecraft:totem_of_undying":6,"minecraft:netherite_chestplate":2,"minecraft:cod":197,"minecraft:snowball":9}},"DataVersion":3120}