{"stats":{"minecraft:killed":{"minecraft:wolf":1,"minecraft:pig":7,"minecraft:iron_golem":1,"minecraft:villager":3},"minecraft:used":{"minecraft:crimson_stem":1,"minecraft:diorite_stairs":12,"minecraft:trident":38,"minecraft:water_bucket":2,"minecraft:netherite_sword":2,"minecraft:diorite":3,"minecraft:leather_leggings":1,"minecraft:cobblestone_stairs":3,"minecraft:prismarine_brick_slab":4,"minecraft:ladder":4,"minecraft:oak_planks":53,"minecraft:stripped_birch_log":2,"minecraft:spruce_slab":5,"minecraft:gray_carpet":6,"minecraft:dark_oak_sign":2,"minecraft:pink_banner":2,"minecraft:oak_sign":27,"minecraft:light_gray_carpet":6,"minecraft:black_carpet":1,"minecraft:chest":11,"minecraft:leather_chestplate":1,"minecraft:tinted_glass":85,"minecraft:stone":33,"minecraft:redstone_block":73,"minecraft:cauldron":4,"minecraft:white_dye":1,"minecraft:beacon":1,"minecraft:glow_ink_sac":4,"minecraft:leather_boots":1,"minecraft:netherrack":24,"minecraft:debug_stick":1,"minecraft:white_wool":35,"minecraft:mossy_cobblestone":4,"minecraft:diamond_block":9,"minecraft:dirt":58,"minecraft:birch_pressure_plate":13,"minecraft:light_blue_concrete":69,"minecraft:tnt":71,"minecraft:crafting_table":1,"minecraft:light_blue_wool":69,"minecraft:birch_sign":2,"minecraft:cobblestone_wall":1,"minecraft:crossbow":399,"minecraft:blue_ice":80,"minecraft:weeping_vines":2,"minecraft:spruce_fence":5,"minecraft:light_blue_stained_glass":150,"minecraft:snowball":764,"minecraft:spruce_log":1,"minecraft:dark_oak_door":5,"minecraft:shroomlight":25,"minecraft:oak_log":21,"minecraft:mossy_cobblestone_stairs":3,"minecraft:glass":19,"minecraft:wooden_axe":4,"minecraft:stone_brick_slab":5,"minecraft:dark_oak_planks":77,"minecraft:packed_ice":1,"minecraft:black_concrete":9,"minecraft:oak_button":1,"minecraft:command_block":6,"minecraft:birch_slab":4,"minecraft:iron_axe":4,"minecraft:iron_block":40,"minecraft:grass_block":253,"minecraft:barrier":7,"minecraft:spruce_button":1,"minecraft:jungle_log":2,"minecraft:netherite_axe":3,"minecraft:leather_helmet":1,"minecraft:mossy_cobblestone_slab":11,"minecraft:spruce_trapdoor":8,"minecraft:diorite_wall":31,"minecraft:stone_brick_stairs":17,"minecraft:stone_bricks":5,"minecraft:birch_trapdoor":4,"minecraft:birch_button":1,"minecraft:fire_charge":1,"minecraft:glowstone":9,"minecraft:cobblestone":12,"minecraft:magma_block":4,"minecraft:bow":138,"minecraft:white_stained_glass_pane":3,"minecraft:white_stained_glass":12,"minecraft:andesite_stairs":7,"minecraft:andesite":1,"minecraft:glass_pane":3,"minecraft:gold_block":22,"minecraft:ice":21,"minecraft:stone_pressure_plate":10,"minecraft:powder_snow_bucket":1,"minecraft:diorite_slab":11},"minecraft:custom":{"minecraft:mob_kills":20,"minecraft:interact_with_crafting_table":5,"minecraft:fill_cauldron":2,"minecraft:damage_dealt_resisted":4553,"minecraft:leave_game":11,"minecraft:time_since_death":10216,"minecraft:climb_one_cm":256,"minecraft:time_since_rest":10216,"minecraft:sprint_one_cm":419064,"minecraft:damage_taken":270,"minecraft:walk_one_cm":532864,"minecraft:drop":90,"minecraft:damage_dealt":942,"minecraft:interact_with_beacon":2,"minecraft:fly_one_cm":2906672,"minecraft:open_chest":110,"minecraft:crouch_one_cm":53360,"minecraft:play_time":1405717,"minecraft:deaths":141,"minecraft:sneak_time":18219,"minecraft:walk_under_water_one_cm":1127,"minecraft:jump":1899,"minecraft:walk_on_water_one_cm":30212,"minecraft:total_world_time":1405717,"minecraft:fall_one_cm":1660},"minecraft:dropped":{"minecraft:iron_sword":1,"minecraft:oak_log":2,"minecraft:tnt":1,"minecraft:tinted_glass":2,"minecraft:netherite_sword":1,"minecraft:netherite_axe":19,"minecraft:oak_sign":1,"minecraft:spruce_fence_gate":1,"minecraft:diamond_sword":1,"minecraft:ice":1,"minecraft:tnt_minecart":47,"minecraft:chest":1,"minecraft:snowball":10,"minecraft:arrow":74},"minecraft:crafted":{"minecraft:leather_leggings":2,"minecraft:leather_boots":2,"minecraft:leather_helmet":2,"minecraft:shield":3,"minecraft:leather_chestplate":2},"minecraft:picked_up":{"minecraft:netherite_boots":1,"minecraft:leather_chestplate":3,"minecraft:leather_leggings":3,"minecraft:oak_log":2,"minecraft:diamond_sword":1,"minecraft:ice":16,"minecraft:shield":4,"minecraft:golden_sword":1382,"minecraft:netherite_leggings":1,"minecraft:leather_boots":3,"minecraft:oak_sign":1,"minecraft:tnt_minecart":1,"minecraft:bow":1344,"minecraft:netherite_sword":1,"minecraft:netherite_axe":4,"minecraft:chest":2,"minecraft:iron_sword":4,"minecraft:sweet_berries":192,"minecraft:golden_axe":4,"minecraft:fire_charge":5,"minecraft:porkchop":84,"minecraft:spectral_arrow":29584,"minecraft:leather_helmet":3,"minecraft:tnt":4,"minecraft:spruce_fence_gate":1,"minecraft:arrow":97,"minecraft:slime_ball":10,"minecraft:netherite_helmet":1,"minecraft:crossbow":2,"minecraft:golden_apple":64,"minecraft:netherite_chestplate":1,"minecraft:ender_pearl":8126}},"DataVersion":3337}